saleAmount,name,email,date,time,guid
95.33,Miranda Crawford,porttitor.tellus@protonmail.ca,02-03-2022,2:05 PM,40A7123E-9452-5D2B-5926-89A63495EB23
102.73,Jenette Cooke,neque.nullam@aol.org,12-24-2021,9:44 AM,0C7F6AC8-0EF1-ECE8-8C22-C5BFC5549EED
95.63,Quin Lawson,nisl.sem.consequat@protonmail.net,02-03-2022,8:21 PM,7808CA6D-D9EA-4401-2159-136551AB6899
100.31,Christine Reese,nonummy@outlook.ca,01-15-2022,6:27 AM,67633E41-DB76-8127-CA6B-5436A36A50A0
104.21,John Mcdowell,nulla.ante@protonmail.edu,12-17-2021,6:04 AM,CBE0E3CC-C122-5E7B-2635-A8C21043DE04
97.57,Rhoda May,mi.fringilla@icloud.org,02-19-2022,11:24 PM,3839DB77-4889-D2EA-2D7F-3656D8D76B3E
99.09,Cade Hopper,aliquam.erat@yahoo.couk,02-06-2022,12:04 PM,049F61FD-1136-15CB-45EE-2AF2AE44A329
96.21,Duncan Buck,augue.porttitor.interdum@hotmail.couk,01-08-2022,6:07 AM,7EDC418B-A130-49B7-C6C9-F0B8AACBBD57
102.60,Wallace O'connor,adipiscing.elit@protonmail.net,12-26-2021,2:24 AM,02957E40-881E-B67C-6B39-991831B79AA0
96.73,Ulysses Carter,mauris.nulla@icloud.net,12-12-2021,2:51 PM,CD4702AC-58CA-BDEB-8D81-4BA38829B99D
95.35,Guy Frye,erat.vel@google.edu,02-09-2022,4:51 PM,BA64DB5C-EADB-4299-A012-BE9F70F73CAB
93.84,Melvin Whitehead,magna.cras@icloud.net,01-15-2022,2:41 PM,2483A5C4-7BC8-B2C0-C6E5-1B43076F98B9
97.19,Adena Fletcher,in@icloud.net,01-09-2022,5:09 AM,D96CE4C2-50B5-234D-D736-2F146C6401C5
95.35,Felix Head,magnis.dis@aol.edu,12-25-2021,2:30 PM,9758B5AB-3629-61B1-AD86-60A787F1A3D7
99.29,Katelyn Holmes,ante.vivamus.non@aol.com,02-06-2022,1:30 PM,16AD5269-D104-331A-8139-3249D96B20F3
103.89,Kyra Reeves,iaculis.quis@google.org,12-14-2021,7:24 PM,A3458759-0562-1354-3295-E993E193240A
101.39,Flavia Craig,nisi.mauris@hotmail.com,02-13-2022,4:31 PM,531DC099-AB05-8C33-5885-3F965052CA31
107.77,Tanek Gay,curabitur.sed@yahoo.net,12-10-2021,12:17 PM,21E40F3A-C60C-E7BA-9433-5BE56DD258B2
96.54,Garrett Blair,quis@protonmail.couk,01-26-2022,4:00 AM,29FD6DBB-AE57-5848-426F-E22690FCB7A5
104.32,Herman Flowers,quis.arcu@protonmail.com,01-14-2022,8:44 AM,807132C6-1736-658C-B8F9-C7D5E3DC5185
98.52,Lunea Ruiz,ornare.libero.at@protonmail.org,02-03-2022,9:23 PM,A1EA4815-7646-E4C6-2465-3145247F9D00
105.11,Carson Guerra,cursus.et.eros@google.ca,12-21-2021,8:41 PM,BD6E28F2-8E97-31E8-2953-BBFD126CD7F4
102.46,Leandra Malone,non@outlook.couk,12-17-2021,5:56 AM,A5A60814-8423-97E6-3468-63B88DB211E6
102.15,Bell Bentley,imperdiet.ornare.in@outlook.ca,02-03-2022,9:06 PM,8A59C938-12E6-6128-C72E-CB0B457D7EF5
104.17,Keaton Butler,ac.urna@protonmail.net,01-20-2022,8:28 PM,C62562D9-0616-1CE6-B1CE-39A259699536
106.35,Priscilla Lambert,tellus.nunc.lectus@google.net,01-04-2022,1:30 PM,E5BAC61B-A76A-1758-4561-FE286D9EF41F
104.35,Sierra Ramirez,nunc@google.ca,02-13-2022,12:21 PM,5F3D5F19-E1AB-A427-3420-E919DE847B77
95.04,Inga Francis,magna.sed@aol.com,02-16-2022,10:13 AM,C7FB2BB7-99A5-F613-C37E-56962DEB42B4
92.15,Lester Reynolds,fringilla.porttitor@yahoo.couk,01-25-2022,1:16 PM,C5295DD2-6147-825C-B203-7DD1BE32CCE2
101.43,Lacota Ramsey,suspendisse.commodo@icloud.ca,02-21-2022,10:40 AM,EB797B0E-286D-5780-DDA6-9D052A71C966
106.95,Maxine Rowland,elit@protonmail.ca,01-02-2022,6:24 AM,8BF7322E-54B4-A054-C2D0-317D831383CA
98.95,Inez Manning,accumsan.laoreet@protonmail.edu,12-27-2021,2:49 PM,3AC9D376-636C-B538-A337-876CDB1ADE3D
110.13,Risa Whitney,pellentesque@google.ca,01-05-2022,8:28 PM,167B187F-7C99-CF91-1253-F2AAB26CA346
95.01,Alyssa Jacobson,eleifend@protonmail.net,01-01-2022,11:47 PM,01678484-5D78-22E3-262E-B37F7422F1E2
104.03,Sheila Townsend,nisi.dictum@outlook.ca,01-15-2022,12:37 PM,A7517135-C353-3727-E959-C98A617E9181
101.52,Hakeem Levine,blandit.mattis@yahoo.edu,01-12-2022,12:14 PM,B839B38E-8EC5-3C75-7719-21533C26BDC1
104.80,Dean Winters,blandit.enim@icloud.org,12-14-2021,6:52 AM,0CBCDE52-5BAA-9E8A-1957-29606D8E7814
99.04,Jenette Walton,risus.at.fringilla@aol.ca,02-07-2022,2:11 PM,E619C209-8587-63C3-255F-149566C581BA
89.80,Yeo Manning,arcu.vestibulum@protonmail.couk,12-26-2021,11:48 AM,4F267B18-CDB9-5EAD-3B94-05D8747AC1CE
104.71,Cameran Herman,id.magna.et@hotmail.ca,02-17-2022,5:10 PM,B257E4A5-38FB-76E6-4B03-97F1D47E701D
94.90,Davis Booker,eget.massa@protonmail.net,01-12-2022,12:18 AM,9ED2C74D-6892-3E82-4344-CA19E2544A05
107.24,Stella Calhoun,suspendisse.eleifend@protonmail.couk,02-11-2022,7:34 PM,1DC81125-D7E5-D1EB-6108-5566468E66C7
97.68,Allistair Calderon,quisque.tincidunt@protonmail.ca,12-11-2021,6:35 PM,88C6148A-5857-4315-2BFD-3B16584AEE59
102.50,Eric Owens,donec.tincidunt@hotmail.ca,02-07-2022,6:52 PM,4E1145B8-EABE-FD8D-9467-922E21419681
101.88,Charissa Dawson,sit.amet@yahoo.com,12-15-2021,5:28 AM,801E769A-4214-60B7-7E61-4237D3D5DEA5
96.84,Quinn Reed,arcu.ac@protonmail.ca,12-27-2021,3:41 PM,7018DBC1-4E2D-867D-AD14-69EDBBAF5139
96.31,Steel Leach,ornare.sagittis@google.net,12-24-2021,5:29 PM,6D5D0876-0014-ED2D-88C6-E518612955E1
95.65,Tyrone Deleon,rutrum.lorem@google.net,12-20-2021,11:08 AM,6916C927-7BAF-B075-A06A-167C47FEEA1B
99.50,Harlan Hebert,amet@icloud.com,12-14-2021,5:18 PM,3D6CE51D-595C-7326-185D-B173070B7067
106.43,Sage Knight,eu.metus.in@outlook.com,01-22-2022,11:24 PM,9AE9B8D1-5D32-8E67-1F81-9C67B55A4D95
101.13,Vera Acosta,commodo.at@hotmail.org,01-29-2022,11:18 PM,E3A61870-322E-1292-2582-C67BA679B512
103.87,Cairo Mcintosh,tellus.lorem@yahoo.couk,12-17-2021,12:00 PM,6CE348E1-D7C5-F937-E0AC-6A92A643D3A3
108.70,Sebastian Burton,nisi.a.odio@protonmail.net,02-05-2022,8:27 AM,162FB3C7-3766-AC56-F7B4-9A1D653B7565
102.57,Virginia Chandler,interdum.enim@protonmail.couk,02-06-2022,7:45 PM,C6F9AC12-298F-68B1-6FA5-883BF814B1A8
100.87,Raymond Workman,risus.donec.egestas@aol.couk,02-19-2022,11:43 AM,7E6C323A-E422-313C-4655-FCC9ADA84AB1
106.06,Wilma Butler,mauris@aol.ca,01-10-2022,3:48 PM,F5DB7DE7-0BD3-5CA1-5D50-24D1F875E6AF
107.02,Mannix Leach,tellus@icloud.com,01-29-2022,3:40 AM,4616F25A-64C7-38E4-5189-41C2882CD274
105.78,Lev Battle,at@icloud.org,02-27-2022,7:53 PM,5B155BDC-49D4-4BCB-CA35-B58A7DE14A93
95.46,Mallory Moses,pellentesque.a@google.couk,12-13-2021,8:18 PM,05A29542-4D3B-BAC5-1C98-48CA12C721A3
101.37,Rhiannon Simmons,ac.facilisis@yahoo.ca,02-26-2022,2:31 PM,A0E21B64-7615-7E92-9061-F32DE7D8FCBC
100.81,Marcia Estes,sapien.imperdiet.ornare@yahoo.couk,12-12-2021,8:10 AM,79B10BB3-EF94-1AD1-3566-7582E880A1DC
100.52,Oscar Foreman,vestibulum.nec@yahoo.com,02-06-2022,7:17 PM,02FCB877-8636-3769-2CE1-6427B49B4979
95.29,Jared Sheppard,nulla.interdum@protonmail.couk,02-07-2022,8:02 AM,0009A9B9-2539-87D1-8D75-464D366925D3
96.33,Merritt Sloan,ridiculus@outlook.edu,12-29-2021,2:43 AM,CA24CB1C-A531-4BFB-90D3-567DDAC0EB61
92.54,Camden Evans,tristique@protonmail.ca,02-12-2022,4:56 AM,DA8359E6-042E-6D72-76AC-26966AE8826C
96.76,Lydia Wilder,lacus.cras.interdum@protonmail.com,02-20-2022,4:52 PM,1421193C-DF08-53B9-3485-A5B2A6A097E5
109.82,Peter Lindsay,a.nunc@protonmail.couk,12-24-2021,4:39 PM,BC4FD6B8-7EBC-1BD6-AA39-31D85EB874B2
102.89,Sylvester Burton,primis@protonmail.edu,01-21-2022,5:54 AM,E3311CE7-9BEE-5674-4B69-18C5AE4C5D72
96.97,Chastity Rivas,nec.ligula@hotmail.ca,12-30-2021,1:52 AM,27BCC612-2B92-5D2B-33F3-132224734536
98.16,Rhonda Cantu,nulla@icloud.org,12-19-2021,4:53 AM,DD74BC4A-28AE-83DD-8884-EA3621B0D515
102.09,Hasad Bolton,odio.auctor.vitae@outlook.net,02-10-2022,5:39 AM,BC696E43-8474-BA08-F965-13D7A9C87717
97.37,Liberty Kemp,cum.sociis@outlook.org,01-28-2022,7:07 AM,BEBC4AF2-17EC-3514-4568-9788E63465A4
93.91,Eve Henderson,nibh.quisque.nonummy@icloud.com,01-07-2022,9:59 AM,8A082CA5-C845-84A4-BCA4-EED0C94443EE
104.40,Amaya Solomon,auctor@aol.ca,02-08-2022,11:42 PM,A18CC34B-B69B-4FD1-3AE5-D43D73B25921
93.92,Shaine English,nunc@protonmail.couk,12-28-2021,6:03 AM,7C45BD1C-FD94-AF4A-8B04-04497A363B9F
97.14,Ora Mcgowan,nec@hotmail.net,12-25-2021,2:10 PM,A274438D-AEBF-3C75-48A5-D4FA15FB138B
89.92,Ori Henry,id@aol.org,12-18-2021,8:41 PM,71892936-729F-8322-B1FB-949F2E489B4D
99.38,Hayley Wade,massa.quisque.porttitor@aol.org,02-20-2022,4:42 AM,FE3738E1-2E59-D728-BD64-B9D538FCD391
93.05,Zeph Cunningham,magna.cras@google.com,02-01-2022,10:52 AM,C1574768-74C8-AD62-5A64-D660BD3BDB3C
100.32,Kim Morales,interdum@icloud.com,02-10-2022,5:38 PM,F3D16EB5-54B5-5C9C-5DF2-3FE68901C5BE
97.77,Ahmed Kirby,integer.urna.vivamus@google.com,02-26-2022,2:08 AM,634E1792-DDCE-3F46-6736-8BB2EB6C3489
101.50,India Briggs,mus.proin@protonmail.com,01-24-2022,8:30 PM,74644306-22D3-82C3-7074-87AC0962FD50
108.83,Hiram Gill,non.nisi@hotmail.couk,01-01-2022,8:10 PM,35C3BA41-C2BC-522A-BE22-8E223D4EED9A
108.31,Christen Snow,erat.eget.tincidunt@protonmail.edu,01-06-2022,6:21 AM,9F187969-2B09-2C67-92ED-14017CC361D1
96.38,Kameko Cobb,nec.tempus.mauris@icloud.ca,01-10-2022,5:04 PM,9A93364A-39DE-D7C1-968C-6DE89259BD7A
103.88,Suki Horn,libero.proin@protonmail.net,01-30-2022,7:42 PM,37C9ACDB-632F-37FB-35E8-29815749A7F4
108.48,Benedict Barrera,convallis.ante@protonmail.couk,02-07-2022,9:59 AM,792D146E-0A2E-13B1-8F7D-20666C5BD56D
108.65,Alexis Maldonado,amet@protonmail.couk,01-03-2022,9:13 PM,CAE3EF36-8947-A1DA-8C6E-78E72F817C17
107.08,Leila Douglas,cras.eu@icloud.net,02-28-2022,1:30 AM,2A3061DC-B15F-14CE-E2E2-7D64A3BC6883
100.16,Graham Lewis,dolor.dapibus@aol.net,01-13-2022,8:59 AM,EC3C4582-04E4-F1D5-ECB8-215B32725290
99.00,Harriet Buck,turpis@aol.ca,02-28-2022,8:14 PM,36862DD9-DCC9-369C-7992-AE38960F644D
95.82,Plato Downs,nunc.ullamcorper.velit@aol.org,12-20-2021,7:54 AM,D4A29EBC-3A81-9972-68EF-29731877484D
89.32,Kristen Strickland,aenean.massa@yahoo.edu,12-29-2021,1:24 PM,455DBA48-4CC9-EAAA-5DC7-6B1673F5E864
101.72,Raja Johnston,amet.orci@yahoo.net,01-02-2022,7:28 AM,4A24DAE3-EB65-D836-5FDC-518DB6493E54
106.32,Savannah Bird,congue.turpis.in@google.net,01-30-2022,11:02 PM,EB781679-82A8-DA53-B1A3-42A4BA1C1376
104.30,Hoyt Hooper,rutrum@hotmail.edu,01-31-2022,6:06 AM,24C8AAA2-55F3-2C21-D77E-E22ABE810852
90.91,Shana Trujillo,nunc.risus.varius@aol.org,01-22-2022,11:06 PM,0AD51968-3E36-DC77-5584-60DDF36D1E68
104.92,Troy Wade,nibh@protonmail.com,02-07-2022,7:29 AM,7297ED3A-1DCE-1845-8872-05698CB73182
103.25,Bradley Mckee,feugiat@google.edu,02-16-2022,10:05 AM,CCC9A45F-E110-4AB3-B7D6-628062AC7466
105.58,Emerson Bean,ut@hotmail.com,02-15-2022,1:58 AM,CF7A73D7-5936-ADE7-D7BF-3C106F3691DD
97.42,Felicia Pace,facilisis.non@icloud.net,02-05-2022,10:16 PM,F63ED2B9-E33E-501E-C4C6-4BD4E9E7BB4D
102.28,Benedict Joseph,ornare.libero.at@yahoo.couk,12-31-2021,7:29 PM,22F16EED-B5B3-AC67-4827-613DC294BC12
99.44,Uriel Willis,mollis.nec@icloud.edu,01-06-2022,1:08 AM,1709DA62-173E-5162-8B31-FDB1EA97D245
99.86,Halla Clarke,justo@yahoo.ca,12-17-2021,2:46 PM,3E81E0D0-9546-6CD1-AA2B-C3B34D8B9AD7
99.37,Mara Short,integer.eu.lacus@protonmail.com,01-19-2022,2:29 PM,C8296775-0E73-9704-43E1-8CB525B8EA96
101.08,Shad Soto,lacus.mauris.non@google.net,12-24-2021,5:04 PM,DD6525A7-CE24-3CDD-C106-C27E3EE9E53A
96.41,Alisa Hines,eget.ipsum@icloud.com,02-06-2022,8:01 AM,F1CA8CC1-0EB8-1531-7E7B-272E9F18AD9E
101.52,Athena Blake,molestie.orci@outlook.couk,02-17-2022,3:14 PM,EC25EF9E-93A3-B192-B3A2-A4DE9B0E8CA7
106.39,Myra Harrington,integer.sem@outlook.org,12-25-2021,3:05 AM,CE1E8D42-D4AB-40A7-6435-B789CB77641F
104.03,Cain Hahn,rhoncus@protonmail.com,12-09-2021,10:05 AM,EAC76396-6BEA-590F-794A-3D77261FD884
101.78,Gage Bates,auctor.nunc@google.ca,01-21-2022,3:49 PM,1D76AA77-799F-475E-0823-A5336513E05B
89.63,Kessie Vazquez,donec@aol.ca,01-05-2022,10:52 PM,A5236D31-8ECA-1A71-6A5A-83C0B2BD93A7
91.03,Kiara Hensley,mauris.eu.turpis@hotmail.edu,02-26-2022,10:43 PM,BD09D647-0275-B781-CECC-9625C72756B7
88.53,Marny Palmer,sapien@google.edu,12-22-2021,11:51 AM,862737BE-EBA1-4DD8-9980-92D641FC954B
99.31,Linus Salazar,sed@aol.org,02-28-2022,9:14 AM,294184AC-AA16-D506-3D44-01E6681759DA
103.20,Carol Maldonado,egestas.rhoncus@aol.couk,01-28-2022,3:13 PM,4637ADE3-6B43-66DC-4276-EA268AB60737
102.46,Macon Gamble,nunc.interdum@yahoo.couk,01-24-2022,4:40 AM,C0744983-9603-B959-D2C7-AADB262AFA70
102.62,Caldwell Fernandez,leo.vivamus@aol.org,01-02-2022,1:08 AM,B8E7F26D-1287-DAE9-0B23-84115D987375
95.54,Dane Orr,orci@hotmail.couk,01-03-2022,7:28 AM,AD7D119E-177F-74B4-4680-E377861651D2
98.16,Jordan Mosley,nulla@google.org,02-08-2022,12:01 AM,8D6E77B4-212B-6AE4-BC97-26C82731C72D
99.04,Lani Mejia,nulla.dignissim@protonmail.couk,01-09-2022,9:44 AM,DA1B8598-2C45-4555-6E6E-5887793CC98C
97.58,Lavinia Lloyd,eget.mollis@icloud.couk,12-18-2021,8:17 AM,6A86AEB7-7D5C-ED4F-1B49-A85C3D46105E
108.71,Mariam Stephens,non@protonmail.couk,01-11-2022,9:57 AM,E8D75974-B517-846E-322E-36C83C1DA558
102.06,Nigel Snyder,semper@outlook.org,12-26-2021,6:52 AM,DEBBF28F-9CDE-28BC-714C-AE8FD7CAB173
97.15,Tanya Slater,elementum.sem@hotmail.edu,12-14-2021,3:04 PM,FBB9A6E1-E8CA-E79C-49B4-E61784621B62
100.23,Chava Dickerson,orci.phasellus.dapibus@google.net,02-08-2022,9:44 PM,281294BB-BABE-8268-3DAB-1CE1E4D66895
93.18,Natalie Camacho,non.egestas@hotmail.couk,01-16-2022,3:17 PM,36DB8927-81A6-A7D9-C91F-637A5B6C3B97
98.62,Reece Harvey,nec.imperdiet@protonmail.net,01-15-2022,4:29 AM,C075282A-18AF-23B6-2D18-E2DCF4C6FFF8
96.04,Yoko Richard,nunc@icloud.ca,02-02-2022,2:13 PM,E52774E8-5D4A-549C-8683-AD898D4553A5
102.83,Camille Mckenzie,hymenaeos@yahoo.org,12-21-2021,1:33 PM,E4FC5A52-1E09-1BD6-5BAD-8F7BC20787E2
99.39,Paul Barton,tristique@hotmail.ca,01-04-2022,4:08 AM,65525F95-42BE-2129-32BB-12CBC292513C
96.57,Simon Olson,mauris.blandit.mattis@yahoo.couk,12-16-2021,8:50 AM,557696F8-8904-3693-3945-7633834C39D6
99.77,Marvin Buck,ligula.eu.enim@yahoo.ca,12-13-2021,7:33 PM,6A058FD6-81B1-8F80-6CB9-A81C951B7ADB
96.81,Hayes Hughes,mi.lorem@aol.edu,12-28-2021,5:42 AM,77CB42CA-D7E2-8C6C-1A34-838E6F85A0EE
99.60,Maxine Washington,maecenas.ornare.egestas@icloud.ca,01-23-2022,8:33 PM,24C97D99-3E17-F565-ACAD-39DED63CEC8E
109.31,Yoshio Gonzales,est.congue@protonmail.couk,12-16-2021,9:22 PM,B8A4A140-9E5A-8E5C-594D-555AC8BE32C1
99.42,Odysseus Bauer,mollis@aol.ca,02-13-2022,3:38 AM,9D8F4D5A-599A-3B1C-474B-EC09E3D6ABBA
103.54,Levi Brock,mauris.nulla@hotmail.net,02-10-2022,5:47 AM,268D9F4B-DF83-5E11-4F99-D9EED4A3ABDE
102.13,Teagan Massey,consequat.nec.mollis@aol.com,02-28-2022,8:11 PM,F6C7E49A-588D-426B-A253-CB584F4D9CDD
105.51,Keely Gardner,id.sapien@icloud.edu,02-21-2022,9:23 PM,C67D48EC-11C9-0D56-E0D5-3ED469EC56C0
91.77,Sara Hurst,massa.vestibulum.accumsan@aol.edu,01-04-2022,3:20 PM,D17B7E52-847C-1590-656E-71DCCF65A981
109.76,Quemby Ross,id@yahoo.couk,01-19-2022,5:48 AM,B6D3A4A8-38ED-96EB-2A2F-958D689472BE
99.22,Sylvester Garza,semper.dui.lectus@outlook.net,01-04-2022,5:04 AM,F82FE0D7-A124-C1D8-304B-18BE9518F645
104.87,Graiden Eaton,nisi.mauris@protonmail.ca,01-26-2022,3:42 PM,9BBCCEC6-7ADC-602C-25D1-FD40F8112AC6
98.27,Honorato Orr,ultrices.mauris@outlook.couk,12-21-2021,8:27 PM,B415B356-D4E8-2760-216A-6F75E9514656
99.51,Zelda Dunn,feugiat.non@yahoo.couk,01-21-2022,4:44 AM,A2D85342-244B-51C0-BADB-E91254068DA4
107.62,Timon Burks,arcu.imperdiet@hotmail.edu,12-18-2021,12:30 AM,3C42DC11-23BC-C790-AD6B-745A765B1997
90.21,April Austin,dolor.fusce.feugiat@icloud.edu,12-11-2021,2:47 AM,A611FD7B-6DB8-AF91-1832-9C4CA935755C
101.21,Eliana Kelley,lorem.ipsum@icloud.couk,12-25-2021,4:58 PM,4CE9B2D1-50ED-1889-6E99-61D6F6CDB695
95.02,Stuart Mosley,id@icloud.net,01-24-2022,5:11 AM,63E5ADAC-07AD-C774-C62E-AB30C3B5126D
93.75,Leroy Kline,turpis.nec.mauris@google.edu,01-02-2022,12:46 PM,EBF16D31-DD0E-DAFE-62BA-DC5BFEBBAFA4
97.37,Erasmus Quinn,enim.gravida@outlook.edu,02-21-2022,11:23 AM,7AA46B27-7992-5E9A-2036-EEABFA3BCB6A
104.86,Lyle Walton,penatibus@protonmail.ca,02-06-2022,7:26 AM,3444A8AD-C849-C66B-38C2-25AA3CBCA51D
99.26,Kenyon Rivers,porttitor@outlook.edu,12-20-2021,12:28 PM,27E68C11-C77E-3464-CA3E-A13A337BD854
114.70,Chadwick Wilkerson,vivamus@outlook.edu,12-18-2021,4:30 PM,9868CD2B-D353-BA82-AB71-952FBE54E6DD
98.32,Grace Browning,ipsum.dolor@yahoo.edu,01-10-2022,5:54 PM,95D62598-E858-FD28-E223-B5E9773DD021
99.15,Cecilia Sparks,justo.faucibus.lectus@aol.ca,12-26-2021,9:40 AM,6A2AFC28-B8D8-F1C8-2954-1A17C8FD34D0
99.75,Isaac Barker,non.lorem.vitae@icloud.ca,01-28-2022,6:58 AM,E394DA69-1BDB-A0EB-0945-CC9E71284EE7
92.01,Kareem Gamble,nisi@google.edu,02-20-2022,10:09 AM,5714B702-4ACF-8A6D-9555-624B2AF3CAC5
103.18,Oliver Dominguez,nullam.nisl@outlook.org,02-12-2022,6:15 AM,AD4DC4BA-9309-54CC-0395-83C02DEDE1DE
101.98,Phyllis Howe,rhoncus@outlook.edu,12-15-2021,1:17 AM,64C21DF6-5F03-3BA0-1DEB-81747BBB7739
91.92,Kameko Hickman,justo.faucibus@protonmail.ca,02-20-2022,4:17 PM,65B4BA7B-06F2-DA06-36DD-6E255B81C230
97.20,Kirk White,ridiculus@google.net,02-11-2022,10:46 PM,C7216238-11EC-8628-9DDB-50F2DED2344B
90.70,Avye Goodwin,fringilla@google.net,01-16-2022,8:44 AM,7C678EEB-A689-CBE5-45E4-A66724AF86F2
98.73,Ian Reid,consectetuer.adipiscing@icloud.com,01-26-2022,5:55 PM,C7ED4A30-63C2-F29C-3133-679DD4975DB3
106.01,Jeanette Robertson,faucibus.orci@google.org,01-25-2022,8:08 AM,C14EB2E6-CC22-8139-F711-4399D25786AE
93.68,Ashton Bush,consectetuer@aol.edu,02-10-2022,3:43 PM,EC917F2E-6C63-D551-BB1C-A469E917E842
97.36,Mona Williamson,curabitur.massa.vestibulum@aol.com,01-13-2022,5:50 PM,341E04EF-887E-5D53-FCD5-63C7C6230014
101.02,Darrel Coffey,proin.mi.aliquam@protonmail.couk,01-23-2022,11:15 PM,E334169B-BC5F-69F4-12C5-EBD2E2D4A56F
106.06,Margaret Calhoun,eget.volutpat@hotmail.edu,02-26-2022,12:20 AM,671E1284-F1E8-64B4-99A5-BEC7E5F8B05F
97.96,Rhiannon Boone,in.sodales@outlook.ca,01-18-2022,12:52 AM,54CA7158-E315-5BE2-9611-88400F9ED278
100.29,Luke Palmer,phasellus.nulla@yahoo.org,12-29-2021,2:07 PM,53C228DD-1C03-7496-8759-68E10CA6B79F
102.65,Cleo Hodges,ac.libero@icloud.org,12-19-2021,4:31 PM,10C49A21-4684-C636-35C4-F395D311A449
96.57,Jena Joyner,semper@outlook.org,01-14-2022,11:46 PM,46FE1EBB-7420-7FEF-31A4-DDA7C5AE6BFE
110.31,Merritt Pierce,quisque.varius@icloud.couk,02-08-2022,6:35 AM,6B3E97E1-8F93-E7CA-1DEB-F5B9FC0B792A
100.53,Cassady Calhoun,semper.cursus.integer@icloud.edu,01-12-2022,10:04 AM,652EA41A-B35B-CC79-E7E9-65A839DBD531
101.02,Bradley Waters,imperdiet.dictum@google.org,01-26-2022,8:12 PM,881D7504-DC1A-D135-C346-7BC11F86B939
106.69,Kermit Sandoval,pellentesque.a@aol.edu,01-21-2022,11:57 PM,EC19A2C6-D142-F9D1-ECDA-C83C52712F94
94.86,Diana Rivers,sodales.at@google.net,12-11-2021,6:49 PM,C32B6C56-9826-3AB6-5696-33271D49A5DA
101.48,Kellie Norman,sagittis@yahoo.org,12-12-2021,4:48 PM,DA3F6B8F-61AE-B34C-E5B3-7E6E925D9378
104.51,Elijah Meadows,ut.quam@aol.net,12-19-2021,1:24 AM,DF9B0690-2B88-7C5E-7ACC-6A3A408B3BA6
104.79,Aphrodite Riley,dolor.sit.amet@hotmail.net,02-03-2022,12:07 PM,C88824AF-7C69-D829-3F9A-246C8A915881
100.09,Felix Warner,feugiat@google.couk,01-06-2022,8:46 PM,80DF8CD0-9C64-6203-9E25-640191AEAB97
106.90,Iona Wagner,nulla.in@protonmail.ca,12-12-2021,7:32 PM,441CEA0B-E88A-D839-6716-7E5AA187056A
99.10,Ursa Tucker,mollis.phasellus.libero@icloud.net,12-31-2021,6:34 AM,72B84468-9625-65C1-A185-7C56ED95DDD9
91.72,Jorden Ratliff,tortor.dictum@aol.net,02-25-2022,5:53 AM,52A4E6F3-5A12-4AD6-8609-97F59A852195
108.43,Imelda Castro,phasellus@hotmail.net,01-10-2022,4:58 AM,BEFF6C79-BAC8-A25B-8CD7-2679F4C67430
98.88,Carson Nicholson,nunc.mauris@icloud.org,02-23-2022,1:58 PM,976C8492-8762-9C1D-D9CA-466C54D651F4
101.71,Jaquelyn Nichols,donec@hotmail.edu,01-26-2022,1:44 PM,629F0E61-20B2-9B11-0321-6BBDA97105A8
104.20,Nichole Rose,cras@google.edu,12-27-2021,1:37 AM,0DC64182-2232-F7B4-5269-C4493DBBD75A
99.68,Veda Salas,mauris.vestibulum@outlook.org,02-20-2022,9:28 AM,83BFA44B-E375-1D88-4246-AFF791E806F8
113.96,Celeste Crawford,et.risus.quisque@outlook.com,01-07-2022,8:22 PM,826E3485-78C5-6D57-9D57-D3BAE571332F
104.55,Raja Suarez,porttitor@google.edu,02-04-2022,7:24 AM,532DBFE4-2962-CB88-1B94-4AF33DDDFA2D
103.61,Ferdinand Cannon,semper@outlook.com,02-01-2022,6:14 PM,57FAA113-58CA-0EF1-444B-169CED2D9EBD
99.49,Yardley West,enim.etiam@icloud.couk,12-11-2021,12:22 PM,8196E394-AE7B-E21E-BAB0-CE67E70D18D8
109.18,Guy Beasley,nulla.interdum@outlook.couk,12-21-2021,1:44 AM,96E6312D-E489-2D5C-3754-272663410189
102.24,Todd Chambers,primis.in@yahoo.ca,12-25-2021,6:48 AM,02445A74-9B5E-3F2E-3B36-604852678473
99.36,Anthony Jordan,in@protonmail.org,02-10-2022,12:14 AM,12B0636A-FE16-39B8-654A-1C251BF6A178
97.02,Chaim Riggs,magna@aol.edu,02-07-2022,5:11 PM,3C62839D-CA45-C221-4A8C-2286B56E26A9
101.26,Akeem Reese,eleifend.non@outlook.net,12-26-2021,7:14 AM,C1334CD5-2C71-A27C-B9A8-58FCFA31211E
100.12,Jena Hewitt,ac.ipsum@icloud.net,12-22-2021,10:58 AM,65431E49-8B12-6BFA-D7BD-1009799C0676
93.45,Nayda Bond,odio.aliquam@google.couk,02-01-2022,11:35 AM,4667D785-70DE-3846-AB1D-2112DE4E06A5
105.74,Barry Stewart,fringilla.donec@google.org,12-12-2021,6:58 PM,E6E1D661-E3BB-9497-87BA-41CE19F111FE
105.45,Daquan Bradley,nunc.sed@protonmail.edu,02-25-2022,10:25 AM,51CBE132-B667-AAD5-939C-92631B081B8A
97.00,Wilma Kirby,risus.at@aol.couk,02-21-2022,2:59 PM,8E6B1BE4-6615-B4EE-96BF-C3CD29DFDC2E
94.62,Drake Malone,orci.in@protonmail.net,01-15-2022,1:27 AM,ECA37225-B2C3-2984-3595-9BEF36563288
99.55,Teagan Vasquez,sem.semper@protonmail.ca,12-22-2021,5:43 AM,BB5EC19B-E8E1-13F3-9268-8D4EFDCC842B
105.84,Cain Cross,netus.et@hotmail.org,12-22-2021,5:26 PM,B40BDEB6-E191-1434-7272-628E271E6942
98.77,Camille Whitney,duis@aol.ca,12-23-2021,12:21 PM,C38298A4-7BF1-D56B-C655-EED3CBD8A37A
98.39,Reed Sullivan,a.malesuada.id@google.couk,01-15-2022,1:42 PM,B5CABA3F-6723-52BA-0373-AE222E84CC8E
92.67,Wylie Whitley,tortor@aol.org,02-05-2022,8:54 PM,581AEBAF-2EAE-E38E-44EA-2318604C2414
98.03,Virginia Bradshaw,quam@outlook.org,01-16-2022,7:04 AM,0A11A654-08D4-1A90-FC91-ADCAC30D4055
100.95,Alvin Harvey,malesuada.vel@icloud.com,12-30-2021,4:48 AM,447AA6B1-5DE2-6AC8-38CD-B53D1E45D2B2
102.79,Orli Black,sed@google.ca,02-17-2022,12:21 PM,CCB13599-658D-A8D5-8E29-7C76A855EB33
99.29,Nora Tanner,donec.porttitor@protonmail.com,12-10-2021,10:29 PM,4227AABA-02C9-17C1-CF2A-F2DABEE102E8
96.90,Elton Black,aliquet.magna@hotmail.couk,12-17-2021,7:38 PM,AAD228E7-5208-528D-6DC7-1646435A13E9
103.64,Andrew Lopez,amet.orci.ut@yahoo.edu,12-18-2021,5:02 PM,C86BDD71-C7C4-7B13-4704-3A2662A53839
92.89,Eagan Tran,vitae.aliquet@aol.com,02-03-2022,9:11 PM,A7822B1B-D112-B62C-529D-B7CF5B5296FE
92.61,Kay Olson,donec.luctus@outlook.ca,01-19-2022,10:31 AM,5A240EA3-E92A-D1D6-4A47-5B4316AEEB14
101.90,Jelani Boone,lacus.pede.sagittis@protonmail.couk,01-26-2022,5:56 PM,4822207A-8CEE-292B-51BC-652C42865818
105.72,Leila Cote,lorem.ipsum@outlook.couk,12-19-2021,11:03 AM,4CD69A0A-CB9D-ABCC-7665-D1998E797833
98.91,Robin Richards,sagittis.placerat@protonmail.ca,01-01-2022,11:47 AM,B4B243C5-8E27-C1DD-A5FD-91733E93546C
105.77,Omar Everett,et@hotmail.couk,12-11-2021,4:57 PM,916EA191-80E6-A0EB-1F0B-CE887FB9C189
97.79,Tasha Joyner,tempor.bibendum@aol.com,12-25-2021,5:44 AM,7C6A7969-B0B8-D28A-33BC-56D32EC4E268
94.42,Shad Peterson,lacus.mauris.non@yahoo.net,01-20-2022,7:45 PM,275D6523-8D47-8E48-1325-826497C8E516
105.15,Sharon Malone,non.magna@hotmail.org,12-25-2021,6:50 PM,7ACD6088-2E35-8016-027E-A9897CB195B1
106.26,Veronica Pope,nascetur.ridiculus@outlook.com,02-05-2022,7:29 AM,3A8C1ED5-7C4B-C32E-7E4E-1823879262D0
100.96,Azalia Mcleod,non.vestibulum.nec@icloud.net,01-10-2022,7:07 PM,E86F8129-981C-4E43-6C28-82A839A9DC55
101.00,Francis Mcclain,imperdiet.erat@google.com,01-23-2022,8:27 AM,D12C7A79-9349-4296-C525-D2A915566C10
101.44,Oliver Monroe,lorem.fringilla@google.couk,01-01-2022,2:22 PM,6235EA32-F565-C541-22DB-EA7D95932019
105.08,Uriel Reilly,gravida.sagittis@protonmail.ca,12-15-2021,12:21 AM,79A420C1-A651-F513-08CC-4E8EB7627E36
97.48,Cleo Buckley,neque@hotmail.edu,02-26-2022,6:53 AM,15C20472-D6F3-47EC-7BED-7BD017DA4CD9
92.08,David Fisher,augue.ut@protonmail.edu,01-05-2022,5:01 PM,6212963E-F642-727A-2078-3B4DF6F204E3
103.66,Rudyard Vaughan,urna.convallis@hotmail.edu,01-08-2022,11:33 PM,5E65E314-5BD1-8759-118A-37AA7352CEBD
99.11,Calista Hogan,nunc.interdum@hotmail.edu,01-03-2022,6:15 PM,EDCEA7C4-8CB1-DAE2-B31B-F36DCAC8C7EC
101.59,Felicia O'connor,elit.nulla@hotmail.org,12-18-2021,1:22 AM,DC94D1EB-B73C-0326-010C-61E4EEA788EA
102.65,Cathleen Vazquez,dignissim.maecenas@hotmail.edu,01-02-2022,6:28 AM,8268973C-CC1C-5AE7-8835-CA8611D011CF
98.18,Azalia Huber,malesuada.vel.convallis@icloud.couk,02-21-2022,4:00 AM,3371B731-C699-6167-00E2-57DA34B8A0A4
96.08,Armando Sharpe,auctor.quis@icloud.net,02-11-2022,1:58 PM,2818D49A-46EE-17E9-7A41-9C2C3FE83E65
97.20,Sarah Nixon,tellus.eu.augue@icloud.couk,12-17-2021,10:47 PM,EA0E1D6A-ABAC-C7B4-05CA-929B83A7115C
100.21,Iris Hunter,nascetur.ridiculus@google.edu,12-17-2021,4:00 PM,0AE08D22-6A93-97E6-14E4-962E51368CD6
105.94,Gay Singleton,commodo.ipsum@protonmail.net,01-09-2022,11:41 PM,B354D779-BB32-4232-6BB9-4ACAD3675B91
100.78,Paloma Zimmerman,nullam.suscipit.est@protonmail.couk,01-07-2022,3:17 AM,5C6E373A-BFBA-C1CD-33C5-15D48D324B84
100.94,Emi Hurley,donec@google.edu,01-09-2022,5:18 AM,07E838DC-29BA-F341-DC48-850B268316CC
104.95,Burton Brock,curabitur@protonmail.com,02-26-2022,2:43 AM,5BEF3DAF-F7D3-D478-5E3D-617ABE0DE3A7
100.11,Trevor Alvarez,tempor@aol.com,02-09-2022,11:38 PM,8DABB09E-ACB3-53C5-BDD1-A66ABA83EB41
103.47,Beck Crane,volutpat@protonmail.edu,01-19-2022,12:51 AM,452388AC-7AD4-3D75-7455-A9A41F6D69D0
97.31,Cassandra Lamb,curabitur.vel@google.ca,01-16-2022,9:51 PM,9754C913-6881-951B-B904-CDA7F9FED5B3
99.92,Gillian Turner,parturient.montes.nascetur@google.com,02-11-2022,8:57 PM,1166021D-6B08-C221-9ED1-2E68375B62F8
100.51,Sybill Boone,cursus@aol.ca,02-11-2022,3:54 PM,6918D42F-C0AF-83BA-BEED-B3B025EC1D28
99.09,Britanney Daniel,tristique.pharetra@icloud.net,02-05-2022,11:26 PM,E6953AD0-1EBC-AA24-E983-F36BC76C4955
104.78,Steven Ramsey,nec.luctus@icloud.net,02-04-2022,9:55 PM,FBFCB950-715E-933F-F4CB-23D552B7296A
96.06,Anne Kemp,erat.in@protonmail.org,12-24-2021,12:18 AM,EEF3AE61-3958-BDBD-4C3B-464B7FD9DCD5
107.97,Riley Hines,massa.integer@aol.couk,01-23-2022,12:46 PM,750C261F-4C43-153F-0973-8D47BB96CAEB
99.66,Lamar Jackson,in.dolor@icloud.net,02-13-2022,10:42 AM,B027494B-36ED-E7DB-BC39-ECB0C3D6CF67
100.04,Brent Pugh,vitae.dolor.donec@yahoo.com,02-08-2022,5:07 AM,5997C949-B152-9547-CE8E-E67BEF73CC92
87.84,Lee Talley,dolor.sit@outlook.org,02-28-2022,5:50 PM,D6EFDD9E-6795-CE52-9F3C-16A55918C597
96.38,Blossom Irwin,dolor@icloud.couk,02-16-2022,12:10 AM,9E626638-E58E-8129-A923-6D1A90C34D0B
103.01,Paloma Sears,at@aol.edu,02-27-2022,11:46 PM,AB8A9C13-4648-7807-B3C3-047E3E2A8804
101.15,Lenore Martinez,ut.pellentesque.eget@aol.net,02-22-2022,3:30 PM,5FF0AD64-9F7B-0924-D296-34DB586E4D12
100.54,Amir Simon,non.enim.commodo@outlook.ca,12-15-2021,3:44 AM,CAAB3698-7C80-5A57-4A6B-1747F48C9B5C
104.20,Zenia Yang,neque.non.quam@protonmail.org,02-23-2022,11:48 AM,51BF2DD4-1D63-D445-2866-A4FEC5E5C756
103.53,Kaye Jones,non.hendrerit@icloud.net,12-13-2021,4:04 PM,AD428C91-CA4C-758D-B8C1-2E284DFF1194
89.58,Alexis Lewis,enim.consequat@aol.net,12-15-2021,2:43 AM,C9DEC338-6386-A9F6-6E71-CB88050071AA
109.89,Larissa Hopkins,dui.nec@outlook.couk,02-21-2022,12:32 AM,5071C4A6-5CE3-F7CA-4D41-F6EDAAE8C2D9
99.50,Julian Walker,proin@icloud.couk,02-25-2022,11:24 PM,6A442015-29AB-4592-2508-55E7E1142452
96.44,Hunter Lloyd,quisque.ac.libero@outlook.edu,02-18-2022,1:45 PM,D5612AB2-4A4C-5299-6910-4BCED4BD3CA7
95.28,Blythe Dorsey,in@google.edu,02-26-2022,7:37 PM,8F68209A-35C4-EA78-157C-454B270A5694
93.07,Beverly Gross,eu.placerat@icloud.org,01-06-2022,9:24 PM,1D6EEC49-A4CC-E6A8-8DCB-952895195262
97.07,Martena Davenport,lectus.pede@aol.com,01-26-2022,3:55 AM,C4BC2268-C696-9F4B-3E22-F618A225DC6D
103.73,Angelica Porter,scelerisque@aol.edu,01-28-2022,6:40 AM,9BBCFC8E-113A-BB93-3AD9-DA2C24189DE2
97.23,Deanna Bond,ornare.libero@hotmail.couk,01-21-2022,4:49 AM,6EA1736C-267C-5F50-EC39-2D4AED02F54D
97.96,Wade Kramer,dolor.dapibus.gravida@yahoo.couk,12-27-2021,3:48 AM,D58AE5AF-22C5-88B5-9AA3-66A578DB33E3
100.94,Dacey Johns,velit.sed.malesuada@yahoo.edu,02-18-2022,11:01 AM,5F67C8E1-D9AD-363E-7D3D-9EF4993C74A9
102.02,Christen Graves,nisl@outlook.net,01-27-2022,4:52 AM,23EEB267-75EF-A89E-0D91-AD957B80B6C7
106.13,Xander Bishop,feugiat.tellus@yahoo.net,02-09-2022,9:16 PM,EED4FB4E-991B-CAA7-D165-5A6375FF8B6D
100.14,Jessamine Weeks,odio.semper@yahoo.couk,12-27-2021,4:33 AM,6632E762-6D42-29EE-D6F4-E16DEB94F5A3
98.68,Julie Howe,nisi.a@icloud.edu,02-20-2022,8:25 AM,EDDA9127-B884-119F-29F7-2CBDC901184A
108.42,Maryam Rodriguez,interdum.curabitur@google.com,02-10-2022,12:04 PM,978B3D75-E1EF-B515-3BDA-E1A145DCC715
102.45,Mark Potter,pede.cras.vulputate@icloud.net,01-25-2022,6:39 AM,42D29423-31D5-DAD2-8981-4AA34A54E7C5
97.28,Gisela Flynn,nunc.sed@icloud.couk,12-29-2021,5:22 AM,EE8A2BE5-EDB1-E990-7EF3-15518DF98C77
103.03,McKenzie Herrera,felis@protonmail.edu,12-20-2021,9:44 AM,4883B42D-4102-F47D-5D65-B6EDD58B43D3
89.24,Benedict Gould,imperdiet.erat@hotmail.net,02-25-2022,1:40 AM,89F76D3B-AC01-29FA-A0BB-63D9B6E78242
98.61,Adara Mcknight,ultricies.dignissim@outlook.net,02-05-2022,12:45 PM,F871C8EF-D323-E591-5406-5BAA823BCB29
100.47,Christopher Hamilton,non.dui@yahoo.com,02-19-2022,1:38 PM,AE44F6CB-E2B6-9969-2392-671F614DE5C9
96.42,Victor Kramer,vitae.sodales@protonmail.edu,01-27-2022,10:44 PM,70EF8627-6C7E-937C-2B3D-96785BCA431A
97.64,Bryar Reilly,proin.ultrices@outlook.net,12-23-2021,7:34 PM,75EBDD22-8056-1184-4ACF-3649C4D5E8A4
102.49,Tanisha Evans,fusce.aliquam@hotmail.net,02-11-2022,9:48 PM,31150C66-D86C-A696-E1B6-4E6A48080162
95.88,Connor Shelton,tincidunt.nunc@hotmail.net,02-16-2022,6:49 AM,FCE714AB-4843-6EB3-F0E2-34662452017B
102.75,Blaze Allison,in.lorem@hotmail.net,12-17-2021,4:07 AM,1713E426-E97E-75DD-5518-E7A4A713CEB5
101.02,Danielle Morton,interdum.sed@hotmail.org,12-22-2021,1:51 PM,59B8E2AE-1D11-2CEB-7281-6CADFAD57323
100.55,Graham Allison,donec.sollicitudin@outlook.ca,12-27-2021,2:54 PM,5C42A56C-BEA6-0B4A-D939-E44549B7B5FA
105.17,Elaine Ballard,ut.sem@aol.ca,12-13-2021,1:29 AM,E79F4358-D94C-3445-4AE2-E67DB44FF764
98.42,Dustin Lindsay,magna@google.couk,01-20-2022,4:57 PM,3888B17A-D42D-D92C-9B6B-4AB4127B3446
103.54,Sydney Horn,aenean.gravida@google.ca,02-27-2022,7:14 PM,A85F5264-377A-645C-1EBC-D73911DB8777
101.03,Alika Morrison,posuere.cubilia@yahoo.com,01-21-2022,2:59 PM,51BDF83F-0C33-7DEA-2807-67EF0DF6D33C
96.57,Mohammad Armstrong,dui.in@outlook.couk,12-10-2021,10:34 PM,875E9806-141D-71DD-C8A8-EE42BAE7DE31
108.46,Salvador Sherman,aliquam.adipiscing@hotmail.edu,02-13-2022,7:33 AM,280B565A-371A-C716-6173-6D594246E391
96.82,Whilemina Holland,interdum.curabitur@hotmail.com,02-16-2022,12:34 PM,DA398F45-C373-54F4-1188-972C583805C9
95.10,Chloe Leonard,at.sem.molestie@google.ca,02-08-2022,11:29 AM,C73EECBD-4392-C225-0A8A-DE348323B144
96.88,Bradley Barr,mi.fringilla@icloud.com,02-21-2022,7:04 AM,04FCF29E-3173-2673-59DE-BABCE1145BCB
99.59,Lars Barr,sit@outlook.net,02-13-2022,12:45 PM,D40B31DB-3E5C-9442-B65A-139C81C189EE
103.84,Felix Goodwin,volutpat.nunc.sit@google.net,02-13-2022,2:47 AM,C4ED6DAA-D283-B487-64DE-E06DBA8C658C
100.99,Barclay Marsh,neque@outlook.net,01-28-2022,10:25 PM,9956865B-949E-C242-D567-8EBC854DEA2E
96.71,Phelan Lawrence,senectus@google.net,12-29-2021,2:29 AM,292F4A65-9E86-92D4-131C-90A1EA71B171
101.72,Kerry Ellison,ornare@hotmail.com,12-09-2021,3:19 AM,56D818B2-2E91-7AA5-3ACC-39981D38806A
100.21,Kiona Hubbard,augue@hotmail.org,01-11-2022,2:16 AM,9BE45847-13E3-3ABC-B7D6-7ADDA72ABE6E
94.78,Reed Simmons,purus.ac@hotmail.com,12-09-2021,5:45 AM,ECA3D694-8C29-CC8A-4E1F-B82C0E10C722
97.94,Declan Deleon,faucibus.ut@outlook.com,12-23-2021,3:18 PM,758162EC-FE69-F20D-8C7E-A62BBC612C59
96.75,Lila Vang,magna.suspendisse@google.couk,02-11-2022,4:55 AM,D69C93F0-34D6-075A-88F5-B1C500357AD5
103.60,Wynne Haley,nam.porttitor.scelerisque@protonmail.com,01-12-2022,7:51 PM,99616129-A3D1-6932-6416-85607191283F
96.31,Reagan Bender,id.erat.etiam@aol.ca,02-24-2022,4:05 PM,5D9B2151-3A41-C223-0C4D-528049E72064
105.23,Grant Stein,sem.egestas@icloud.com,01-03-2022,8:07 AM,8B7EE24C-389A-F1C8-2958-D6CDDECB97A7
103.07,Julie Workman,in@protonmail.edu,01-28-2022,9:22 AM,BBEE3367-73A6-C3E9-AC3D-688D8B813845
94.60,Caldwell Simpson,ut.pharetra.sed@protonmail.org,01-17-2022,2:14 AM,2E62E139-656E-CFC4-BD4F-47F9EB32E726
93.43,Buckminster Wallace,erat.in.consectetuer@protonmail.couk,01-11-2022,6:00 PM,BB1B91FD-4E92-7026-583D-0843945D86A5
101.76,Jaime Salinas,a.enim@yahoo.net,01-12-2022,5:53 AM,0B1E8D09-ED41-7B5E-9020-0C0964ADAE05
97.43,Quinlan Mccullough,enim.gravida@icloud.net,12-10-2021,8:54 AM,66A96160-B5F3-7FC9-4861-939645409852
106.14,Barry Fischer,maecenas@yahoo.ca,01-11-2022,2:53 PM,94B15A25-73CB-505E-3100-9974A00CF3E7
103.83,Leslie Perkins,scelerisque@icloud.couk,01-13-2022,1:06 PM,A187B275-568F-4AD0-38EF-BCD3D1D619CC
104.19,Ivy Mckinney,a@icloud.edu,01-31-2022,2:04 PM,B526C2EC-027D-08E5-B652-B96C26B29B08
113.42,Boris Hall,nulla@google.net,02-14-2022,4:20 PM,3BEE8065-AF27-9C5C-7A39-5D51023D165A
97.33,Solomon Finley,sed.facilisis@google.org,12-21-2021,9:04 PM,51E33D67-98C8-ECA2-CC36-0DE8B6746928
104.14,Angelica Powers,mauris@outlook.edu,12-11-2021,1:53 AM,587948A1-6DBF-A4F5-04D4-7B4CB3AE6CB0
100.03,Vivien Chapman,et@yahoo.net,02-19-2022,5:00 PM,3125A01A-886E-4751-E256-C9270847BBCB
105.50,Marcia Hyde,accumsan.neque@protonmail.org,01-02-2022,6:54 PM,B2DFC721-660B-4BEC-154A-C5A279009918
95.54,Urielle Collins,ac.turpis@aol.ca,02-14-2022,8:17 PM,2864D0E8-A151-7B18-91EA-CC5C9314E32D
92.38,Tiger Mccarty,sed.malesuada@icloud.edu,02-20-2022,3:58 AM,81A622D2-619D-5654-A436-6CD474542DA4
100.70,Beck Russell,nullam@protonmail.couk,02-23-2022,4:26 PM,78CEE403-8BA4-92B2-7A0A-D8BACB8EC6C6
99.36,Steven Delaney,vitae.dolor.donec@google.org,01-09-2022,8:11 AM,E02ABC71-837F-BABC-9C5E-21EC6A793AE3
105.67,Dara Hendrix,magnis.dis@google.org,12-23-2021,4:28 AM,567785AB-A7A6-1335-D443-0436E4E6A075
95.44,Stuart Wooten,magna.nam@protonmail.ca,01-05-2022,4:59 PM,537AC9B2-822E-16B3-9B14-FBBBC2C0B4ED
98.29,Cody Nixon,eu.nulla@aol.org,02-12-2022,8:29 PM,96E48DEA-8ED2-7BB4-7971-E61419BFFA19
96.53,Pearl Lynch,nec.malesuada@outlook.edu,01-19-2022,11:08 PM,2355C621-DA7A-3B09-034F-3A8EDB96512B
102.08,Guinevere Talley,vehicula@google.ca,02-28-2022,3:06 PM,29F5141C-EAF3-E543-5A88-E912C49334EA
108.22,Cecilia Massey,quis@yahoo.couk,01-07-2022,2:32 PM,CC696619-3F57-CCBD-8C62-1A00788FE7C7
98.02,Madonna Buck,consectetuer.mauris@yahoo.com,02-09-2022,9:25 AM,7644B526-FC89-B885-FC25-E5E16BE47DB1
109.51,Sybil Castaneda,tempus@outlook.net,01-28-2022,9:10 PM,9E073EC1-77BE-AA47-62AB-F62ED1445073
90.85,Dominic Sparks,natoque@hotmail.couk,01-21-2022,5:40 AM,0A94D735-880D-F6CE-BFD3-0D39B93D6158
105.82,Chandler Fleming,dui@hotmail.ca,12-20-2021,10:59 PM,AA571D72-221D-38F9-645D-11B29C1485BA
98.22,Hamish Valencia,quam.vel.sapien@yahoo.com,01-20-2022,3:39 PM,84380118-1881-9EEE-C8E2-1B4AE5265FE6
98.71,Brendan Sullivan,fringilla.euismod@aol.couk,01-28-2022,6:58 PM,399DA8C6-F241-4A13-21BF-87E42D5F98C8
103.74,Kevin Shepard,lacus.nulla.tincidunt@hotmail.com,02-20-2022,1:18 PM,B40B9294-54EC-723C-5287-BC14E7EF365B
103.46,Maisie Ramsey,diam@protonmail.org,12-29-2021,11:50 AM,2A64884A-7AFC-40DE-6145-ECDAA537ABD8
99.31,Quinn Brady,magna@aol.edu,01-14-2022,8:19 AM,384FD6BB-5437-4648-2819-A06D11DEA858
99.78,Timon Mercado,ipsum.leo@hotmail.com,12-23-2021,6:23 PM,3D8A1172-BCAD-4A0A-4ADB-E731F46F9F2E
94.16,Herrod Hogan,euismod.est@hotmail.edu,02-03-2022,7:01 PM,E9D7EAA0-CBD4-8DCC-8307-84E48E6B16D4
104.78,Judith Hill,dolor@protonmail.org,02-17-2022,12:00 AM,E4926D34-68A5-C9FF-4270-6359DAE5539E
107.67,Alea Hester,adipiscing.elit@outlook.couk,01-13-2022,10:32 PM,D4D3D81A-D8FB-35ED-562E-69EB6B9366D9
107.20,Samantha Lancaster,lectus.a@yahoo.ca,12-24-2021,7:24 PM,B935BE1C-A0BB-7273-EBD5-2AB69107AC97
101.48,Keely Beard,at.nisi.cum@icloud.couk,01-31-2022,8:50 AM,546BD688-9A2A-D735-9100-525CA3870DB9
97.19,Conan Livingston,donec.elementum.lorem@google.couk,01-20-2022,12:51 PM,3C0D266C-C421-845D-D67B-85C931AFBABD
104.99,Cedric Walker,elementum.dui@yahoo.net,02-27-2022,10:47 AM,1D94B3C6-8D1F-19E7-1361-C4291ACA6225
100.05,Byron Holder,eu@protonmail.com,12-17-2021,11:38 AM,C6ADD765-3C9A-2BE2-10A8-31D366C895B2
98.93,Dane Barron,ipsum.leo@aol.net,01-23-2022,10:30 PM,3596CAC3-5C43-E9A8-65F5-E9E9EC240EA7
96.92,Vernon Fields,vitae.orci@aol.couk,02-09-2022,5:21 PM,E84E1C5B-EA38-770C-5921-E5C3D6D3C9AB
92.35,Chancellor Case,gravida@google.net,01-23-2022,2:43 AM,DA7D66EB-6441-6B94-2AFC-AC9426A8B69D
100.43,Brennan Woodard,non.quam.pellentesque@protonmail.com,02-25-2022,9:32 AM,62B32D44-529E-4FCC-11D1-EE1D764084A8
96.53,Emmanuel Doyle,eu@google.com,01-11-2022,6:44 PM,C07CE1FB-683A-7418-45BC-34C47B8CC654
91.24,Cecilia Mclean,phasellus.ornare@hotmail.org,01-25-2022,1:51 AM,5B57EC92-199C-22B4-4C9C-4029FA618F55
107.64,Kermit Clemons,ullamcorper.velit.in@icloud.com,01-23-2022,12:00 AM,DA7AE7A0-E82A-4118-36D4-736A8F1E9D95
98.12,Denton Guthrie,tristique@outlook.ca,01-26-2022,12:07 AM,CE57AFC3-7CCE-3A53-F59A-2B43DC2974FB
98.90,Kaitlin Bradford,nulla.vulputate@icloud.com,01-18-2022,1:18 PM,978F3685-1E9A-9418-3F48-CCE93ECD9642
93.29,Martha Roman,velit@icloud.net,12-20-2021,4:55 PM,1079E825-74EB-AD89-6989-572523E121D4
101.75,Gisela Wilson,amet.consectetuer@google.ca,01-11-2022,9:44 PM,1B8070E6-E2C6-2634-7915-B72A68617F55
103.86,Howard Willis,consequat.nec.mollis@hotmail.com,02-19-2022,5:54 PM,622D3E36-E1AE-340B-99F8-60337D20CEE4
97.17,Sierra Dorsey,ante.dictum@yahoo.ca,01-11-2022,8:42 PM,D8D4C02E-2173-DB8D-1459-51CF7E2E9C2E
104.43,Tanner Pickett,vulputate.risus@aol.org,12-29-2021,1:38 AM,24ECB7EE-E986-2A88-DE24-747D7A637A71
92.36,Xantha Silva,est.arcu.ac@protonmail.net,02-15-2022,7:36 PM,FADAE4C1-B56B-91EF-1159-A4EC6A05C4E5
99.86,Keiko Cobb,ligula.nullam@icloud.org,02-20-2022,5:56 AM,425CF712-D6A8-AE9F-2B08-E4A94BB26BC5
97.97,Branden Barry,aenean.euismod@google.com,02-18-2022,2:06 AM,65137BEA-7444-C553-95E7-99ABC0A594B8
105.24,Gannon Ryan,vulputate.posuere.vulputate@hotmail.ca,02-14-2022,10:12 AM,D4107188-6368-CC37-75C7-A206C7A2ABF7
95.71,Otto Farmer,nunc.in@yahoo.edu,01-13-2022,12:44 PM,9584C611-B1BF-E588-C35E-6921D332EB73
114.86,Sierra Bryant,tempus.risus@icloud.com,01-24-2022,10:28 AM,F12BEE1D-8923-96BE-F97E-D0AAF17CE284
106.96,Vivien Mcmillan,velit@protonmail.com,02-27-2022,9:56 AM,E1CBAD97-214F-E615-B371-DD3FBD9B78CE
95.19,Quintessa Dean,lacus.quisque.imperdiet@yahoo.com,12-19-2021,5:02 PM,32871A33-BBA7-DD8A-693A-D9A78EA92AA5
102.35,Jada Caldwell,nullam@google.edu,02-09-2022,10:11 PM,561DA130-9658-6262-9844-13A7F3DB4C4F
99.90,Alice Lowery,ligula@aol.couk,12-31-2021,4:33 AM,B1D269FF-ECB4-2C9D-EF46-854A2BC4D7C8
99.32,Plato Rogers,quis.diam.luctus@outlook.net,01-07-2022,1:59 AM,3FE136B1-1AF8-3D95-1E34-508B6D4A2B0C
104.85,Russell Cox,mauris.elit@google.ca,12-15-2021,10:31 AM,43E11DA5-CD86-306E-A8C7-887D26249757
104.29,Caleb Aguilar,elit.etiam.laoreet@aol.com,02-14-2022,7:27 AM,7B958995-37F4-A228-C513-B38FFBFED671
98.61,Slade Hubbard,fringilla@yahoo.couk,01-04-2022,6:35 AM,819E86DE-984D-9479-E1C1-46032EE87362
107.50,Fritz Porter,nec.cursus.a@aol.edu,02-17-2022,7:55 AM,F7A92179-A4CE-DDC9-F35E-B8BFE717784E
103.00,Gregory Blackwell,cras.vulputate.velit@aol.net,02-03-2022,5:39 AM,2D762252-E02B-93CD-C91C-1D1E304D9CD3
95.98,Cyrus Merritt,suspendisse@protonmail.edu,12-12-2021,10:23 PM,21C2429D-E69B-B817-2FB0-9CDBFA226AD6
94.94,Nolan Delacruz,ante.bibendum@yahoo.couk,01-25-2022,2:11 PM,AD94EE2B-E3BE-67DE-E4CD-D4816915814D
101.47,Stephanie Curry,nonummy@google.couk,12-13-2021,6:19 PM,A452D729-9B0E-373D-622F-5E2718F52617
111.14,Upton Wolfe,justo.proin@google.net,01-26-2022,1:18 PM,01B1AA5B-119B-1C8C-84DA-11313E57B52D
99.36,Lunea Sparks,elit.etiam@protonmail.org,12-18-2021,12:01 PM,3CC8829C-909B-4695-CD97-662FA24DA6D0
91.77,Blossom Marks,convallis@google.net,01-28-2022,5:51 PM,E4D9883D-A684-448A-4ECC-9C85A29562B0
94.67,Christian Finley,mauris@google.org,12-18-2021,10:57 AM,16F81DD0-25AE-7EAB-4FB1-536BC5597075
92.91,Aquila Bruce,malesuada.vel.convallis@protonmail.ca,01-25-2022,7:23 AM,4C2B4677-694A-6D2D-6534-AD2CAAF79CA9
101.55,Iliana Hines,mattis.cras.eget@icloud.edu,02-22-2022,7:39 AM,62146996-E227-6723-37AB-C91CF435FE90
94.37,Hannah Guerrero,sed.hendrerit.a@hotmail.ca,02-23-2022,3:54 AM,C491223A-7E7B-6022-3444-C943149C601C
83.18,Elvis Fisher,aliquam.eros@icloud.edu,01-18-2022,8:02 PM,3CE0BB41-5E8E-0F97-C17A-53D695695131
90.85,Jaden Peck,nisi.aenean@yahoo.edu,12-16-2021,3:56 AM,7562A859-DF2B-7ED2-BA65-2B02D66396B8
106.84,Chancellor Pratt,sapien.imperdiet@aol.com,02-12-2022,5:35 PM,447AC49C-0779-9254-7466-0DAAC4C5E329
87.49,Scarlet Beard,nisi.dictum.augue@yahoo.com,02-11-2022,3:19 AM,2F5A8402-294D-9AC5-CCAA-958736159919
113.80,Phyllis Logan,arcu.vel@outlook.org,02-04-2022,7:06 PM,FDDA877A-83AC-12BB-1C04-7D8B10CDA85E
94.76,Mercedes Mercado,diam@yahoo.edu,12-22-2021,10:57 PM,27C25DDA-48B2-6928-BCAC-962D7733D6FE
100.78,Germaine Horn,enim.etiam@google.org,01-20-2022,7:32 AM,A2469EA4-C83C-5853-C129-665BF8383346
95.02,Dean Fleming,mauris.aliquam.eu@outlook.com,02-15-2022,9:57 AM,B1AD2E2A-89DE-6C62-856F-D9AD98917B92
97.85,Clinton Sexton,mauris.vel@hotmail.ca,02-06-2022,9:30 PM,3AB4C783-FD02-30B7-3D33-A69CED225582
97.72,Liberty Mcguire,risus.odio@outlook.net,02-06-2022,2:37 PM,1A70D2CE-C5A5-E847-297C-D53A154848E1
98.64,Octavia Alford,sociis@yahoo.edu,01-02-2022,12:22 PM,B6203E52-B76A-B959-9886-94DB73971D5D
94.53,Axel Thompson,massa.rutrum@aol.org,12-10-2021,5:15 PM,42118B55-D217-713E-8151-B15E9A38E341
100.37,Bruce Wilson,convallis.est@icloud.com,12-25-2021,8:59 PM,2699C591-E445-971A-407A-4BC63D378C76
105.03,Candice Odom,justo.praesent.luctus@protonmail.org,02-03-2022,11:47 PM,B6D3BB78-ADC4-272E-3E31-FDFB7DF55491
102.49,Dean Baxter,quam.pellentesque.habitant@aol.com,01-16-2022,4:59 PM,D3F696DA-94A0-2452-AC22-DAD15D6B5D9F
105.48,India Stout,consectetuer.euismod@outlook.couk,02-09-2022,10:45 PM,3D158F55-CD67-CC03-7793-9FF635BB3213
99.14,Laurel Spence,phasellus.in@hotmail.com,02-14-2022,10:46 PM,6E2FAA36-B1CE-3DC1-B192-4BBA86BB5B3B
106.13,Justin Burns,penatibus.et.magnis@aol.couk,12-26-2021,6:44 AM,3180EDE9-794A-ADC0-7B77-5D751C9B4DBE
93.15,Zachery Shannon,consectetuer.adipiscing@protonmail.org,02-18-2022,2:05 PM,305D4CC7-7E35-58A8-1E67-CF9C93645762
95.74,Martina Benjamin,duis.risus@aol.com,01-27-2022,8:54 AM,9401917D-2ED0-A2B4-449A-1A47C2E7F647
99.03,Hammett Hurst,venenatis.lacus.etiam@yahoo.ca,01-16-2022,10:53 PM,28D7D9B5-4EB9-7D36-89DB-176EC33F532C
106.44,Quinn Dean,dolor.dolor@aol.ca,12-16-2021,1:02 AM,1AA88C56-B7CB-4F44-DC14-C747D37A29BC
93.27,Dominic Cooke,sagittis@hotmail.couk,02-13-2022,1:34 PM,8E859D3F-E775-A7E6-D53D-A6D133A4B106
107.71,Emerson Osborn,tempor.est@hotmail.net,12-31-2021,3:20 AM,ADEB6A40-DA6B-29A5-4230-73BAF1212C17
95.69,Wayne Morrison,tincidunt@hotmail.couk,02-14-2022,7:47 PM,45EB3363-253F-E815-4562-B2F4F4284B22
100.99,Cheryl Morse,bibendum@yahoo.com,12-21-2021,1:07 PM,62711ABE-1B49-2E22-5C50-BF9355E58A46
106.77,Axel Moses,nulla.integer@hotmail.com,12-29-2021,6:22 AM,1BC84239-C837-126F-A5E9-B4D405CA1D75
96.13,Hedda Jones,vulputate@protonmail.couk,01-27-2022,12:01 PM,A6C5E6FB-8430-5D2C-9A21-3EA60BFE2AB9
99.06,Barclay Winters,a.odio.semper@google.edu,01-13-2022,5:01 PM,3249514E-54A4-4693-27EA-A9BC3F07584D
93.99,Mannix Hebert,ridiculus.mus.proin@protonmail.org,12-13-2021,5:02 PM,0D6D1A35-E39E-9A95-ED06-2C6C764C54A3
104.52,Calista Zamora,eu.arcu@yahoo.net,01-03-2022,11:26 AM,7EC34AB4-7E66-03EC-26F1-762BE10ECD47
103.94,Julie Elliott,nullam@google.com,02-19-2022,2:27 AM,CD2451BD-2C81-CE6A-9B0C-839C5B39EF66
100.58,Orla Gilliam,eu@protonmail.couk,01-04-2022,5:39 PM,8275A156-AD91-2521-B06D-5988DD483B23
100.91,Darius Merritt,mus.aenean@hotmail.com,02-09-2022,2:49 AM,9EE24F14-4E51-38E1-3BF0-54D74E59521A
97.34,Daniel Green,eu.metus@yahoo.couk,02-23-2022,4:23 PM,533A29DD-3962-3E8F-1D7A-F0CF9D3932D3
103.08,Gay Chambers,imperdiet.ullamcorper@icloud.org,01-29-2022,7:46 PM,4CC54490-BCED-C213-882B-8425A9FE001C
97.73,Fay Love,ligula@aol.couk,01-23-2022,6:00 PM,7B7E0258-21AE-7CC6-F29D-456E2265976D
100.79,Hilel Horne,nisl.maecenas@aol.org,01-05-2022,6:11 PM,FCDECA35-98A1-9431-1C81-22D36218C4D0
100.04,Dacey Emerson,suspendisse.ac@icloud.edu,02-23-2022,9:28 PM,788EE555-E86C-0995-5CC3-A528A9F0896E
107.97,Kenyon Leblanc,nam.ligula.elit@protonmail.net,01-28-2022,1:33 PM,C7886224-E55D-1F8A-ECEC-C9123521E843
106.63,Gray David,sagittis@outlook.couk,01-20-2022,9:55 PM,A4372E8A-3A04-8314-276F-666ABDC3D825
102.81,Austin Griffin,sit.amet@protonmail.org,01-25-2022,1:10 PM,D85D8D29-AAC7-E93C-59E9-1830B7437DDD
91.61,Jackson White,sit.amet.massa@icloud.edu,12-21-2021,12:43 AM,15BECE8C-A444-8702-7830-44815E74E78E
100.82,Deborah Drake,nunc@aol.ca,01-18-2022,3:00 PM,CBD0788D-D364-939C-C4DA-810AE910F52E
102.61,Curran Sullivan,luctus@icloud.edu,01-10-2022,11:11 PM,143E85AD-B893-6494-7841-36152DD11978
105.75,Merritt Dodson,quam.vel.sapien@outlook.com,02-16-2022,8:16 PM,0C34913F-A584-D815-E5BA-99E7583F5662
103.72,Ivana Reilly,gravida.sagittis.duis@hotmail.org,12-11-2021,6:11 AM,D0D8A68C-5797-B39A-CB29-6DFB2D3525C3
100.41,Kristen Maxwell,eu@yahoo.org,02-15-2022,6:01 AM,726C8DCC-D591-37C5-7B4F-C477794681CD
97.09,Willa Lindsey,magna.sed.eu@protonmail.net,02-25-2022,3:38 PM,A32192EF-1BD3-378F-FA62-5CED1592365F
105.45,Rebecca House,nunc.mauris.sapien@yahoo.couk,02-18-2022,12:21 AM,78C3B3A1-6175-FFD1-3D83-48B54BD1CD74
102.71,Nina Wong,aliquet.metus@yahoo.com,01-15-2022,4:58 AM,BB7CB3A3-9CD2-1BE8-7265-F8E674C13A62
91.67,Eleanor Morales,neque.in@google.couk,01-19-2022,5:22 PM,5F358C37-AC66-EFCD-12D8-D55BE3386C31
106.73,Christopher Kinney,amet.nulla.donec@protonmail.net,01-21-2022,4:28 PM,85A1BB16-56C1-D128-511B-791A52B81CBA
109.20,Yuli Macdonald,metus.eu@protonmail.org,02-15-2022,8:36 AM,B108EE2A-8B54-5E5B-19A7-C5937A193D91
99.22,Yolanda Mason,nunc.lectus@yahoo.org,01-10-2022,9:31 PM,4B9025C9-C898-F787-9328-D7B3B4B2EAD4
89.32,Marny Hatfield,non.magna@protonmail.net,02-23-2022,3:30 PM,08B1D319-F69C-168A-CDBA-AACE32611C9C
97.20,Prescott Stein,nec.tempus@aol.edu,01-31-2022,11:00 PM,DE1E3EC4-6DF3-CAAE-AC45-64665F9C1165
104.31,John Noel,metus.in.nec@outlook.com,12-28-2021,4:06 AM,5E611832-A56C-A564-29BA-F4CAB4BCB6E6
99.35,Matthew Cobb,eget@google.edu,12-19-2021,2:57 AM,B8E2C29E-6407-BE79-BA2E-93D1112054C7
105.26,Hyatt Potter,sagittis@hotmail.com,01-07-2022,12:57 AM,5831D9EC-86D3-B4C4-EEE8-4D3C651A5EA1
98.08,Phoebe Barry,amet.consectetuer@outlook.edu,01-13-2022,10:44 PM,42BDBABC-DAC4-05B6-8DD2-11832DA25E90
92.90,Danielle Coleman,suscipit@outlook.edu,01-13-2022,10:35 PM,8997CA8A-E47D-3C40-2DE2-CA6E0937489D
103.40,Aquila Clarke,cursus@icloud.net,01-12-2022,11:03 PM,ADA64B51-BBA2-62C8-B1C5-F24B752EB4D2
107.23,Jennifer Pickett,ullamcorper.viverra@outlook.edu,02-26-2022,3:28 AM,85635757-A043-6D5A-31F3-2D07E7247607
94.59,Colleen Mcmahon,vel@aol.net,02-22-2022,9:57 PM,3925546C-3EBE-D8F7-E32E-44CB8BBB7AD8
91.97,Sandra Reed,quisque.varius@icloud.couk,02-28-2022,12:52 AM,6C59CB4D-F973-6A63-40CD-BEEDB53D6EAB
106.08,Asher Cook,auctor@aol.net,01-08-2022,3:38 AM,68EC33C5-5387-E2C3-7D7D-17DA10B8E5D2
94.32,Shad Noel,purus@yahoo.ca,12-17-2021,12:19 AM,50E1C788-397A-1651-3627-9BB7312D1655
94.41,Hamish Marks,ac.mi.eleifend@yahoo.org,01-23-2022,7:16 AM,F4ABA3C0-B832-C466-24FB-301D81289CEC
100.33,Allistair Banks,integer@outlook.edu,01-28-2022,7:44 PM,790D23A6-71A2-2899-2503-3945877FE2D9
108.68,Dominic Merrill,molestie.sodales.mauris@outlook.couk,01-15-2022,6:35 AM,9900EF02-4272-AB86-730C-1D60F9588BD8
93.28,Graiden Chase,proin.eget@hotmail.ca,02-10-2022,3:21 PM,58779744-5094-A1A2-4E3B-15258F636F71
95.97,Gage Tran,gravida.sagittis@yahoo.ca,01-09-2022,6:54 AM,4F90E046-3828-8619-A968-01195E9B8AA6
97.86,Madison Wallace,purus@protonmail.couk,02-10-2022,11:59 PM,0914524B-D12F-E44A-20EC-19BE16BBCD6B
97.86,Hedy Roth,ac.fermentum@aol.com,01-15-2022,7:58 AM,EAB3D219-D4EC-AD38-010C-A0197292398C
97.47,Tucker Wolf,purus.ac@icloud.ca,02-18-2022,12:43 AM,925752C1-AC2C-9441-811B-175F861DCEEA
103.32,Samson Jensen,eu@yahoo.org,01-23-2022,11:29 PM,2A75D7AE-FBA6-6276-31D0-E54135BD83A3
98.44,Hop Matthews,magnis.dis@icloud.edu,01-28-2022,1:08 PM,41C98C51-37A9-A644-A30F-5354C43CC1B1
95.22,Kylan Pratt,nullam@yahoo.net,12-29-2021,1:21 AM,B9A15EA8-5161-95CC-0BD9-BA24608C3D0D
91.63,Porter Turner,nunc.sed@google.ca,12-26-2021,5:32 PM,B23B12E8-75EA-830B-A73D-AB91A8BCD93E
102.50,Teegan Mullen,dolor.sit@outlook.couk,01-12-2022,9:41 PM,6C0BC8E0-9B0B-0C6A-46BB-1C7CADBCFDE8
98.28,Dominic Boyer,sagittis.placerat@google.couk,12-28-2021,3:21 PM,2F724E5B-F846-CA3F-5A64-27D7AA70B196
101.23,Cheryl Robinson,dolor.vitae@hotmail.com,01-01-2022,8:42 AM,73971CA4-1C9A-EC79-897E-BEE90C2BBA45
98.89,Isaac Carter,et.malesuada.fames@google.edu,01-01-2022,1:01 PM,2D63AD62-28BD-47E4-0E1A-5382D2CE82B5
96.59,Lewis Beach,urna.suscipit@outlook.net,01-21-2022,2:07 AM,B2A34AB9-8263-62C3-2EA7-AD3E23F4D205
102.40,Gil Le,lectus.cum@hotmail.edu,01-29-2022,8:48 AM,0B4318E6-C169-BD4D-15DD-61C5D5863703
91.30,Winifred Sharp,in.felis.nulla@icloud.couk,02-20-2022,12:10 AM,E401BA65-507E-0DA3-5E44-C4DEC7C7A7C5
100.73,Raven Kirby,et.risus@google.ca,12-18-2021,2:03 AM,71D439D6-1CDD-2D68-B872-2652B979C2DE
102.18,Reagan Kirk,est.congue@protonmail.com,01-19-2022,6:08 AM,62E38505-67B8-EB2C-139A-9B3769CCDA1F
96.63,Xanthus Hubbard,penatibus@google.org,01-15-2022,4:44 PM,8E621CA5-D205-1B23-E614-5A07C6533082
102.29,Alyssa Atkinson,a.arcu@hotmail.couk,12-25-2021,8:34 PM,707442EB-ADA9-14C3-338B-249241BA81B9
99.63,Danielle Mitchell,cras@icloud.edu,01-24-2022,11:59 AM,F8A66F84-85E5-B7E8-92CE-23CC1DBB6337
114.35,Justine Ashley,arcu.vestibulum@google.ca,01-07-2022,6:16 PM,EA49A855-2B46-8CDF-D9B5-5148D1309873
94.10,Wendy Pacheco,fames@icloud.ca,02-10-2022,7:01 AM,2B49294C-7D2A-6874-43EA-B7A0992227AF
100.34,Steven Talley,turpis.non@google.com,01-17-2022,1:18 AM,E87DAF9B-8138-4607-B5EE-866D839A5749
92.81,Mufutau Vaughan,dictum.phasellus@google.net,01-23-2022,7:33 PM,E87A08D5-AB64-7149-584A-C78C88C8D801
92.66,Ezekiel Adkins,nulla.facilisis@protonmail.com,01-29-2022,11:10 PM,9DBBE538-853E-AEE8-315A-41C34A466CBD
106.02,Xander Mcdaniel,mauris@google.com,01-04-2022,3:24 PM,CF65B687-D3B5-21ED-469D-6F46ECF07789
101.42,Susan Browning,cursus.purus@protonmail.com,01-30-2022,4:45 PM,4C162F2B-35DC-1233-665B-6B599200172C
100.20,Allistair Walter,at.lacus.quisque@outlook.couk,01-12-2022,7:56 PM,BCB4D8D7-FF33-DA4D-A657-897BE5537AAA
98.47,Aileen Terrell,curae.donec@google.net,01-21-2022,7:37 AM,C8817FAE-E585-23A1-1CA2-313B2E1E808B
104.53,Sharon Burke,sem.eget@outlook.com,02-26-2022,11:51 PM,37EFDDA4-9CF1-75D4-3E72-50A863C4A660
94.65,Ali Kane,neque@aol.org,02-09-2022,2:20 PM,C1CDE546-9B78-B2B9-9D76-60CC6ECC9875
92.36,Alana Wilkinson,arcu.iaculis.enim@yahoo.couk,02-26-2022,11:03 AM,3BC14E66-B919-AC47-485C-D19E31197D08
97.35,Lance Marks,lorem@google.net,01-08-2022,6:14 AM,79E81E93-B8BC-D5DD-1132-E9C27F04B814
101.14,Keelie Butler,mauris.sit.amet@hotmail.net,02-19-2022,8:50 PM,C387A131-6DD3-6C69-E596-39EB13A776A7
